[
  {
    "id": "universiteti-prishtines",
    "name": "Universiteti i Prishtinës",
    "type": "Publik",
    "location": "Prishtinë, Kosovë",
    "price": "2500",
    "number": "23,351 studentë",
    "rating": "4.8",
    "image": "https://upload.wikimedia.org/wikipedia/commons/1/1b/Fakulteti_i_Mjek%C3%ABsis%C3%AB_n%C3%AB_Prishtin%C3%AB_02.jpg",
    "description": "Universiteti i Prishtinës është institucioni më i madh publik i arsimit të lartë në Kosovë, i themeluar në vitin 1970. Me një traditë të gjatë akademike dhe një rrjet të gjerë fakultetesh, universiteti ofron programe në të gjitha fushat e dijes, duke përfshirë shkencat natyrore, sociale, mjekësore dhe teknike."
  },
  {
    "id": "universum-college",
    "name": "Universum College",
    "type": "Privat",
    "location": "Prishtinë, Kosovë",
    "price": "3500",
    "number": "18,000 studentë",
    "rating": "4.6",
    "image": "https://www.studykosovo.com/wp-content/uploads/universum-college-kosovo.jpg",
    "description": "Kolegji Universum është një institucion privat i arsimit të lartë që ofron programe moderne me bashkëpunime ndërkombëtare. I njohur për inovacion dhe përfshirje globale, Universum lejon studentët të ndjekin shkëmbime studimore në mbi 25 shtete partnere."
  },
  {
    "id": "universiteti-mitrovices",
    "name": "Universiteti i Mitrovicës",
    "type": "Publik",
    "location": "Mitrovicë, Kosovë",
    "price": "4000",
    "number": "9,000 studentë",
    "rating": "4.7",
    "image": "https://encrypted-tbn0.gstatic.com/images?q=tbn:ANd9GcQnhF4E-jSDRpAy4tCqH_e0Fm5z02H12mClCw&s",
    "description": "Universiteti i Mitrovicës ofron studime të avancuara në inxhinieri, teknologji, mjedis dhe ekonomi. Si universitet publik, ai është përqendruar në kërkime dhe zhvillim shkencor që kontribuojnë në industrinë e rajonit."
  },
  {
    "id": "aab-college",
    "name": "AAB College",
    "type": "Privat",
    "location": "Prishtinë, Kosovë",
    "price": "4000",
    "number": "9,000 studentë",
    "rating": "4.7",
    "image": "https://www.eufa.org/site/assets/files/1245/kos_gebnude1.0x1000.jpg",
    "description": "Kolegji AAB është një ndër institucionet më të njohura të arsimit të lartë privat në Kosovë. Ai ofron programe në juridik, ekonomi, shkenca kompjuterike, arte dhe komunikim, me staf të kualifikuar ndërkombëtar dhe lidhje me universitete evropiane."
  },
  {
    "id": "universiteti-gjilanit",
    "name": "Universiteti i Gjilanit ‘Kadri Zeka’",
    "type": "Publik",
    "location": "Gjilan, Kosovë",
    "price": "4000",
    "number": "3,200 studentë",
    "rating": "4.4",
    "image": "https://media.licdn.com/dms/image/v2/D4D3DAQF70C2hyESmlw/image-scale_191_1128/image-scale_191_1128/0/1720787938002/universiteti_publik_kadri_zeka_gjilan_cover?e=2147483647&t=UG6ra1moT21bpVLdkw7R-4GpdkDokg6GsFj8acXtqfQ&v=beta",
    "description": "Universiteti ‘Kadri Zeka’ është universitet publik i themeluar në vitin 2013. Ofron programe në fushat e edukimit, ekonomisë, shkencave kompjuterike dhe gjuhëve, duke synuar zhvillimin e potencialit profesional të studentëve në rajonin e Gjilanit."
  },
  {
    "id": "rit-kosovo",
    "name": "RIT Kosovo (A.U.K)",
    "type": "Privat",
    "location": "Prishtinë, Kosovë",
    "price": "4000",
    "number": "2,500 studentë",
    "rating": "4.9",
    "image": "https://www.rit.edu/kosovo/sites/rit.edu.kosovo/files/images/paragraph/image-card/SideStories-800x533-HistoryKosovoCampusC.jpg",
    "description": "RIT Kosovo është kampusi ndërkombëtar i Rochester Institute of Technology nga SHBA. Ai ofron programe bachelor në shkenca kompjuterike, biznes, politikë ndërkombëtare dhe lidership global, me arsim të akredituar ndërkombëtarisht."
  },
  {
    "id": "ubt",
    "name": "UBT – Higher Education Institution",
    "type": "Privat",
    "location": "Prishtinë, Kosovë",
    "price": "3800",
    "number": "15,000 studentë",
    "rating": "4.7",
    "image": "https://ubt-uni.net/wp-content/uploads/2022/01/UBT-campus-prishtine.jpg",
    "description": "UBT është universitet modern me kampuse në disa qytete të Kosovës, i njohur për programet e tij në teknologji, inxhinieri, arkitekturë, biznes dhe shkenca shoqërore. Ai bashkëpunon me universitete prestigjioze evropiane dhe amerikane."
  },
  {
    "id": "riinvest",
    "name": "Kolegji Riinvest",
    "type": "Privat",
    "location": "Prishtinë, Kosovë",
    "price": "3000",
    "number": "7,000 studentë",
    "rating": "4.5",
    "image": "https://riinvest.net/wp-content/uploads/2021/04/riinvest-building.jpg",
    "description": "Kolegji Riinvest është i fokusuar në zhvillimin e lidershipit dhe menaxhimit përmes programeve bashkëkohore në ekonomi, biznes, teknologji dhe shkenca shoqërore. Një ndër kolegjet më të vjetra private në Kosovë."
  },
  {
    "id": "iliria",
    "name": "Kolegji Iliria",
    "type": "Privat",
    "location": "Prishtinë, Kosovë",
    "price": "3100",
    "number": "5,500 studentë",
    "rating": "4.4",
    "image": "https://uiliria.org/wp-content/uploads/2020/11/Kolegji-Iliria-Building.jpg",
    "description": "Kolegji Iliria ofron studime të akredituara në drejtësi, administratë publike, ekonomi dhe teknologji informative. Ai është i njohur për përkushtimin në cilësinë akademike dhe aktivitetet shkencore të studentëve."
  },
  {
    "id": "fama",
    "name": "Kolegji FAMA",
    "type": "Privat",
    "location": "Prishtinë, Kosovë",
    "price": "2800",
    "number": "4,500 studentë",
    "rating": "4.3",
    "image": "https://fama-ks.com/wp-content/uploads/2020/09/fama-building.jpg",
    "description": "Kolegji FAMA ka mbi 15 vjet traditë në arsimin e lartë, duke ofruar programe në drejtësi, administratë, shkenca sociale dhe teknologji informative. Ai synon përgatitjen e profesionistëve për tregun modern të punës."
  }
]