 [
  {
    "id": 1,
    "title": "Inxhinieri Kompjuterike",
    "category": "IT",
    "university": "Universiteti i Prishtinës",
    "description": "Program që përgatit studentët në fushën e programimit, rrjeteve kompjuterike dhe inteligjencës artificiale.",
    "duration": "3 vjet",
    "degree": "Bachelor",
    "buttonText": "Mëso më shumë"
  },
  {
    "id": 2,
    "title": "Administrim Biznesi",
    "category": "Biznes",
    "university": "Universiteti i Prizrenit “Ukshin Hoti”",
    "description": "Fokusohet në zhvillimin e aftësive menaxheriale dhe strategjike për drejtimin e organizatave bashkëkohore.",
    "duration": "3 vjet",
    "degree": "Bachelor",
    "buttonText": "Mëso më shumë"
  },
  {
    "id": 3,
    "title": "Mjekësi e Përgjithshme",
    "category": "Shëndetësi",
    "university": "Universiteti i Prishtinës",
    "description": "Program gjithëpërfshirës për përgatitjen e profesionistëve të shëndetësisë me njohuri teorike dhe praktike.",
    "duration": "6 vjet",
    "degree": "Master Profesional",
    "buttonText": "Mëso më shumë"
  },
  {
    "id": 4,
    "title": "Inxhinieri Elektrike dhe Kompjuterike",
    "category": "Inxhinieri",
    "university": "Universiteti i Mitrovicës “Isa Boletini”",
    "description": "Studim i thelluar i sistemeve elektrike, elektronikës industriale dhe automatizimit.",
    "duration": "3 vjet",
    "degree": "Bachelor",
    "buttonText": "Mëso më shumë"
  },
  {
    "id": 5,
    "title": "Psikologji",
    "category": "Sociale",
    "university": "Universiteti “Kadri Zeka” – Gjilan",
    "description": "Studim i proceseve mendore, emocionale dhe sjelljeve njerëzore në kontekste të ndryshme sociale.",
    "duration": "3 vjet",
    "degree": "Bachelor",
    "buttonText": "Mëso më shumë"
  },
  {
    "id": 6,
    "title": "Arkitekturë",
    "category": "Arkitekturë",
    "university": "Universiteti i Prishtinës",
    "description": "Program që ndërthur kreativitetin me teknologjinë në projektimin e hapësirave urbane dhe ndërtesave.",
    "duration": "5 vjet",
    "degree": "Master Profesional",
    "buttonText": "Mëso më shumë"
  },
  {
    "id": 7,
    "title": "Marketing dhe Komunikim",
    "category": "Biznes",
    "university": "Kolegji AAB",
    "description": "Përqendrohet në strategjitë moderne të marketingut, komunikimit dhe mediave digjitale.",
    "duration": "3 vjet",
    "degree": "Bachelor",
    "buttonText": "Mëso më shumë"
  },
  {
    "id": 8,
    "title": "Stomatologji",
    "category": "Shëndetësi",
    "university": "Universiteti i Prishtinës",
    "description": "Program profesional për kujdesin dentar, kirurgjinë orale dhe shëndetin oral publik.",
    "duration": "5 vjet",
    "degree": "Master Profesional",
    "buttonText": "Mëso më shumë"
  },
  {
    "id": 9,
    "title": "Shkenca Kompjuterike",
    "category": "IT",
    "university": "Universiteti i Prizrenit “Ukshin Hoti”",
    "description": "Thellim në zhvillimin e softuerit, analizën e të dhënave dhe teknologjitë cloud.",
    "duration": "3 vjet",
    "degree": "Bachelor",
    "buttonText": "Mëso më shumë"
  },
  {
    "id": 10,
    "title": "E Drejtë Ndërkombëtare",
    "category": "Juridik",
    "university": "Universiteti i Prishtinës",
    "description": "Përqendrohet në të drejtën ndërkombëtare publike dhe private, si dhe në institucionet globale ligjore.",
    "duration": "4 vjet",
    "degree": "Bachelor",
    "buttonText": "Mëso më shumë"
  },
  {
    "id": 11,
    "title": "Gazetari dhe Media Digjitale",
    "category": "Media",
    "university": "Kolegji UBT",
    "description": "Trajnim modern për prodhimin e përmbajtjes multimediale dhe gazetarinë e pavarur në epokën digjitale.",
    "duration": "3 vjet",
    "degree": "Bachelor",
    "buttonText": "Mëso më shumë"
  },
  {
    "id": 12,
    "title": "Ekonomi Ndërkombëtare",
    "category": "Ekonomi",
    "university": "Universiteti i Pejës “Haxhi Zeka”",
    "description": "Analizon tregjet ndërkombëtare, tregtinë globale dhe politikat ekonomike ndërkombëtare.",
    "duration": "3 vjet",
    "degree": "Bachelor",
    "buttonText": "Mëso më shumë"
  },
  {
    "id": 13,
    "title": "Pedagogji",
    "category": "Arsim",
    "university": "Universiteti i Gjakovës “Fehmi Agani”",
    "description": "Program i orientuar në zhvillimin profesional të mësuesve dhe metodologjisë bashkëkohore të mësimdhënies.",
    "duration": "3 vjet",
    "degree": "Bachelor",
    "buttonText": "Mëso më shumë"
  },
  {
    "id": 14,
    "title": "Inxhinieri Mekanike",
    "category": "Inxhinieri",
    "university": "Universiteti i Mitrovicës “Isa Boletini”",
    "description": "Fokus në projektimin, ndërtimin dhe mirëmbajtjen e sistemeve mekanike dhe industriale.",
    "duration": "3 vjet",
    "degree": "Bachelor",
    "buttonText": "Mëso më shumë"
  },
  {
    "id": 15,
    "title": "Farmaci",
    "category": "Shëndetësi",
    "university": "Universiteti i Prishtinës",
    "description": "Studim i barnave, përbërjes kimike dhe efekteve të tyre për trajtimin e sëmundjeve.",
    "duration": "5 vjet",
    "degree": "Master Profesional",
    "buttonText": "Mëso më shumë"
  },
  {
    "id": 16,
    "title": "Teknologji Informative dhe Siguri Kibernetike",
    "category": "IT",
    "university": "Kolegji Riinvest",
    "description": "Program që mbulon sigurinë e rrjeteve, kriptografinë dhe mbrojtjen nga kërcënimet digjitale.",
    "duration": "3 vjet",
    "degree": "Bachelor",
    "buttonText": "Mëso më shumë"
  },
  {
    "id": 17,
    "title": "Shkenca Politike",
    "category": "Sociale",
    "university": "Universiteti i Prishtinës",
    "description": "Analizon sistemet politike, marrëdhëniet ndërkombëtare dhe proceset demokratike.",
    "duration": "3 vjet",
    "degree": "Bachelor",
    "buttonText": "Mëso më shumë"
  },
  {
    "id": 18,
    "title": "Menaxhim Turizmi dhe Hotelerie",
    "category": "Turizëm",
    "university": "Kolegji Fama",
    "description": "Përgatit studentët për menaxhimin e hoteleve, agjencive turistike dhe sektorit të mikpritjes.",
    "duration": "3 vjet",
    "degree": "Bachelor",
    "buttonText": "Mëso më shumë"
  }
]
